id,season,team_name,player_name,nationality,type,price_paid(in rupee)
1,2023,Chennai Super Kings,Ajinkya Rahane,Indian,Batsman,5000000.0
1,2023,Chennai Super Kings,Bhagath Varma,Indian,All-Rounder,2000000.0
1,2023,Chennai Super Kings,Kyle Jamieson,Overseas,Bowler,10000000.0
1,2023,Chennai Super Kings,Ajay Mandal,Indian,All-Rounder,2000000.0
1,2023,Chennai Super Kings,Nishant Sindhu,Indian,All-Rounder,6000000.0
1,2023,Chennai Super Kings,Shaik Rasheed,Indian,Batsman,2000000.0
1,2023,Chennai Super Kings,Ben Stokes,Overseas,All-Rounder,162500000.0
2,2023,Delhi Capitals,Phil Salt,Overseas,Wicket-Keeper,20000000.0
2,2023,Delhi Capitals,Ishant Sharma,Indian,Bowler,5000000.0
2,2023,Delhi Capitals,Rilee Rossouw,Overseas,Batsman,46000000.0
2,2023,Delhi Capitals,Manish Pandey,Indian,Batsman,24000000.0
2,2023,Delhi Capitals,Mukesh Kumar,Indian,Bowler,55000000.0
3,2023,Gujarat Titans,Shivam Mavi,Indian,Bowler,60000000.0
3,2023,Gujarat Titans,K.S. Bharat,Indian,Wicket-Keeper,12000000.0
3,2023,Gujarat Titans,Urvil Patel,Indian,Wicket-Keeper,2000000.0
3,2023,Gujarat Titans,Mohit Sharma,Indian,Bowler,5000000.0
3,2023,Gujarat Titans,Joshua Little,Overseas,Bowler,44000000.0
3,2023,Gujarat Titans,Kane Williamson,Overseas,Batsman,20000000.0
3,2023,Gujarat Titans,Odean Smith,Overseas,All-Rounder,5000000.0
4,2023,Kolkata Knight Riders,Kulwant Khejroliya,Indian,Bowler,2000000.0
4,2023,Kolkata Knight Riders,Shakib Al Hasan,Overseas,All-Rounder,15000000.0
4,2023,Kolkata Knight Riders,Vaibhav Arora,Indian,Bowler,6000000.0
4,2023,Kolkata Knight Riders,N. Jagadeesan,Indian,Wicket-Keeper,9000000.0
4,2023,Kolkata Knight Riders,David Wiese,Overseas,All-Rounder,10000000.0
4,2023,Kolkata Knight Riders,Mandeep Singh,Indian,Batsman,5000000.0
4,2023,Kolkata Knight Riders,Litton Das,Overseas,Wicket-Keeper,5000000.0
4,2023,Kolkata Knight Riders,Suyash Sharma,Indian,Bowler,2000000.0
5,2023,Lucknow Super Giants,Amit Mishra,Indian,Bowler,5000000.0
5,2023,Lucknow Super Giants,Nicholas Pooran,Overseas,Wicket-Keeper,160000000.0
5,2023,Lucknow Super Giants,Romario Shepherd,Overseas,All-Rounder,5000000.0
5,2023,Lucknow Super Giants,Daniel Sams,Overseas,All-Rounder,7500000.0
5,2023,Lucknow Super Giants,Swapnil Singh,Indian,All-Rounder,2000000.0
5,2023,Lucknow Super Giants,Yudhvir Charak,Indian,All-Rounder,2000000.0
5,2023,Lucknow Super Giants,Prerak Mankad,Indian,All-Rounder,2000000.0
5,2023,Lucknow Super Giants,Yash Thakur,Indian,Bowler,4500000.0
5,2023,Lucknow Super Giants,Naveen Ul Haq,Overseas,Bowler,5000000.0
5,2023,Lucknow Super Giants,Jaydev Unadkat,Indian,Bowler,5000000.0
6,2023,Mumbai Indians,Jhye Richardson,Overseas,Bowler,15000000.0
6,2023,Mumbai Indians,Nehal Wadhera,Indian,All-Rounder,2000000.0
6,2023,Mumbai Indians,Raghav Goyal,Indian,Bowler,2000000.0
6,2023,Mumbai Indians,Cameron Green,Overseas,All-Rounder,175000000.0
6,2023,Mumbai Indians,Vishnu Vinod,Indian,Wicket-Keeper,2000000.0
6,2023,Mumbai Indians,Duan Jansen,Overseas,All-Rounder,2000000.0
6,2023,Mumbai Indians,Piyush Chawla,Indian,Bowler,5000000.0
6,2023,Mumbai Indians,Shams Mulani,Indian,All-Rounder,2000000.0
7,2023,Punjab Kings,Harpreet Bhatia,Indian,Batsman,4000000.0
7,2023,Punjab Kings,Shivam Singh,Indian,All-Rounder,2000000.0
7,2023,Punjab Kings,Vidwath Kaverappa,Indian,Bowler,2000000.0
7,2023,Punjab Kings,Mohit Rathee,Indian,All-Rounder,2000000.0
7,2023,Punjab Kings,Sam Curran,Overseas,All-Rounder,185000000.0
7,2023,Punjab Kings,Sikandar Raza,Overseas,All-Rounder,5000000.0
8,2023,Rajasthan Royals,Jason Holder,Overseas,All-Rounder,57500000.0
8,2023,Rajasthan Royals,Adam Zampa,Overseas,Bowler,15000000.0
8,2023,Rajasthan Royals,Abdul P A,Indian,All-Rounder,2000000.0
8,2023,Rajasthan Royals,Akash Vashisht,Indian,All-Rounder,2000000.0
8,2023,Rajasthan Royals,Donovan Ferreira,Overseas,Wicket-Keeper,5000000.0
8,2023,Rajasthan Royals,Kunal Rathore,Indian,Wicket-Keeper,2000000.0
8,2023,Rajasthan Royals,Joe Root,Overseas,Batsman,10000000.0
8,2023,Rajasthan Royals,Murugan Ashwin,Indian,Bowler,2000000.0
8,2023,Rajasthan Royals,K.M. Asif,Indian,Bowler,3000000.0
9,2023,Royal Challengers Bangalore,Sonu Yadav,Indian,All-Rounder,2000000.0
9,2023,Royal Challengers Bangalore,Himanshu Sharma,Indian,Bowler,2000000.0
9,2023,Royal Challengers Bangalore,Avinash Singh,Indian,Bowler,6000000.0
9,2023,Royal Challengers Bangalore,Manoj Bhandage,Indian,All-Rounder,2000000.0
9,2023,Royal Challengers Bangalore,Will Jacks,Overseas,Batsman,32000000.0
9,2023,Royal Challengers Bangalore,Reece Topley,Overseas,Bowler,19000000.0
9,2023,Royal Challengers Bangalore,Rajan Kumar,Indian,Bowler,7000000.0
10,2023,Sunrisers Hyderabad,Sanvir Singh,Indian,All-Rounder,2000000.0
10,2023,Sunrisers Hyderabad,Harry Brook,Overseas,Batsman,132500000.0
10,2023,Sunrisers Hyderabad,Heinrich Klaasen,Overseas,Wicket-Keeper,52500000.0
10,2023,Sunrisers Hyderabad,Akeal Hosein,Overseas,Bowler,10000000.0
10,2023,Sunrisers Hyderabad,Mayank Markande,Indian,Bowler,5000000.0
10,2023,Sunrisers Hyderabad,Adil Rashid,Overseas,Bowler,20000000.0
10,2023,Sunrisers Hyderabad,Anmolpreet Singh,Indian,Batsman,2000000.0
10,2023,Sunrisers Hyderabad,Vivrant Sharma,Indian,All-Rounder,26000000.0
10,2023,Sunrisers Hyderabad,Samarth Vyas,Indian,All-Rounder,2000000.0
10,2023,Sunrisers Hyderabad,Upendra Singh Yadav,Indian,Wicket-Keeper,2500000.0
10,2023,Sunrisers Hyderabad,Nitish Kumar Reddy,Indian,Wicket-Keeper,2000000.0
10,2023,Sunrisers Hyderabad,Mayank Agarwal,Indian,Batsman,82500000.0
10,2023,Sunrisers Hyderabad,Mayank Dagar,Indian,All-Rounder,18000000.0
11,2022,Chennai Super Kings,Robin Uthappa,Indian,Batsman,20000000.0
11,2022,Chennai Super Kings,Dwayne Bravo,Overseas,All-Rounder,44000000.0
11,2022,Chennai Super Kings,Ambati Rayudu,Indian,Wicket-Keeper,67500000.0
11,2022,Chennai Super Kings,Deepak Chahar,Indian,Bowler,140000000.0
11,2022,Chennai Super Kings,C.Hari Nishaanth,Indian,Batsman,2000000.0
11,2022,Chennai Super Kings,N. Jagadeesan,Indian,Wicket-Keeper,2000000.0
11,2022,Chennai Super Kings,K.M. Asif,Indian,Bowler,2000000.0
11,2022,Chennai Super Kings,Tushar Deshpande,Indian,Bowler,2000000.0
11,2022,Chennai Super Kings,Shivam Dube,Indian,All-Rounder,40000000.0
11,2022,Chennai Super Kings,Chris Jordan,Overseas,All-Rounder,36000000.0
11,2022,Chennai Super Kings,Maheesh Theekshana,Overseas,Bowler,7000000.0
11,2022,Chennai Super Kings,Rajvardhan Hangargekar,Indian,All-Rounder,15000000.0
11,2022,Chennai Super Kings,Simarjeet Singh,Indian,Bowler,2000000.0
11,2022,Chennai Super Kings,Devon Conway,Overseas,Batsman,10000000.0
11,2022,Chennai Super Kings,Dwaine Pretorius,Overseas,All-Rounder,5000000.0
11,2022,Chennai Super Kings,Mitchell Santner,Overseas,All-Rounder,19000000.0
11,2022,Chennai Super Kings,Adam Milne,Overseas,Bowler,19000000.0
11,2022,Chennai Super Kings,Subhranshu Senapati,Indian,Batsman,2000000.0
11,2022,Chennai Super Kings,Mukesh Choudhary,Indian,Bowler,2000000.0
11,2022,Chennai Super Kings,Prashant Solanki,Indian,Bowler,12000000.0
11,2022,Chennai Super Kings,K.Bhagath Varma,Indian,All-Rounder,2000000.0
12,2022,Delhi Capitals,David Warner,Overseas,Batsman,62500000.0
12,2022,Delhi Capitals,Mitchell Marsh,Overseas,All-Rounder,65000000.0
12,2022,Delhi Capitals,Mustafizur Rahman,Overseas,Bowler,20000000.0
12,2022,Delhi Capitals,Shardul Thakur,Indian,Bowler,107500000.0
12,2022,Delhi Capitals,Kuldeep Yadav,Indian,Bowler,20000000.0
12,2022,Delhi Capitals,Ashwin Hebbar,Indian,Batsman,2000000.0
12,2022,Delhi Capitals,Sarfaraz Khan,Indian,All-Rounder,2000000.0
12,2022,Delhi Capitals,Kamlesh Nagarkoti,Indian,All-Rounder,11000000.0
12,2022,Delhi Capitals,K.S. Bharat,Indian,Wicket-Keeper,20000000.0
12,2022,Delhi Capitals,Mandeep Singh,Indian,Batsman,11000000.0
12,2022,Delhi Capitals,Syed Khaleel Ahmed,Indian,Bowler,52500000.0
12,2022,Delhi Capitals,Lungisani Ngidi,Overseas,Bowler,5000000.0
12,2022,Delhi Capitals,Chetan Sakariya,Indian,Bowler,42000000.0
12,2022,Delhi Capitals,Yash Dhull,Indian,All-Rounder,5000000.0
12,2022,Delhi Capitals,Vicky Ostwal,Indian,All-Rounder,2000000.0
12,2022,Delhi Capitals,Ripal Patel,Indian,All-Rounder,2000000.0
12,2022,Delhi Capitals,Lalit Yadav,Indian,All-Rounder,6500000.0
12,2022,Delhi Capitals,Rovman Powell,Overseas,Batsman,28000000.0
12,2022,Delhi Capitals,Tim Seifert,Overseas,Wicket-Keeper,5000000.0
12,2022,Delhi Capitals,Pravin Dubey,Indian,All-Rounder,5000000.0
13,2022,Gujarat Titans,Mohammad Shami,Indian,Bowler,62500000.0
13,2022,Gujarat Titans,David Miller,Overseas,Batsman,30000000.0
13,2022,Gujarat Titans,Jason Roy,Overseas,Batsman,20000000.0
13,2022,Gujarat Titans,Wriddhiman  Saha,Indian,Wicket-Keeper,19000000.0
13,2022,Gujarat Titans,Matthew Wade,Overseas,Wicket-Keeper,24000000.0
13,2022,Gujarat Titans,Lockie Ferguson,Overseas,Bowler,100000000.0
13,2022,Gujarat Titans,Abhinav Sadarangani,Indian,Batsman,26000000.0
13,2022,Gujarat Titans,Rahul Tewatia,Indian,All-Rounder,90000000.0
13,2022,Gujarat Titans,Noor  Ahmad,Overseas,Bowler,3000000.0
13,2022,Gujarat Titans,R. Sai Kishore,Indian,Bowler,30000000.0
13,2022,Gujarat Titans,Dominic Drakes,Overseas,All-Rounder,11000000.0
13,2022,Gujarat Titans,Vijay Shankar,Indian,All-Rounder,14000000.0
13,2022,Gujarat Titans,Jayant Yadav,Indian,All-Rounder,17000000.0
13,2022,Gujarat Titans,Darshan Nalkande,Indian,All-Rounder,2000000.0
13,2022,Gujarat Titans,Yash  Dayal,Indian,Bowler,32000000.0
13,2022,Gujarat Titans,B. Sai Sudharsan,Indian,All-Rounder,2000000.0
13,2022,Gujarat Titans,Gurkeerat Singh,Indian,All-Rounder,5000000.0
13,2022,Gujarat Titans,Alzarri Joseph,Overseas,Bowler,24000000.0
13,2022,Gujarat Titans,Varun Aaron,Indian,Bowler,5000000.0
13,2022,Gujarat Titans,Pradeep Sangwan,Indian,All-Rounder,2000000.0
14,2022,Kolkata Knight Riders,Pat Cummins,Overseas,All-Rounder,72500000.0
14,2022,Kolkata Knight Riders,Shreyas Iyer,Indian,Batsman,122500000.0
14,2022,Kolkata Knight Riders,Mohammad  Nabi,Overseas,All-Rounder,10000000.0
14,2022,Kolkata Knight Riders,Nitish Rana,Indian,All-Rounder,80000000.0
14,2022,Kolkata Knight Riders,Sam Billings,Overseas,Wicket-Keeper,20000000.0
14,2022,Kolkata Knight Riders,Umesh Yadav,Indian,Bowler,20000000.0
14,2022,Kolkata Knight Riders,Shivam  Mavi,Indian,All-Rounder,72500000.0
14,2022,Kolkata Knight Riders,Sheldon Jackson,Indian,Wicket-Keeper,6000000.0
14,2022,Kolkata Knight Riders,Ajinkya Rahane,Indian,Batsman,10000000.0
14,2022,Kolkata Knight Riders,Rinku Singh,Indian,Batsman,5500000.0
14,2022,Kolkata Knight Riders,Anukul Roy,Indian,All-Rounder,2000000.0
14,2022,Kolkata Knight Riders,Alex Hales,Overseas,Batsman,15000000.0
14,2022,Kolkata Knight Riders,Rasikh Dar,Indian,Bowler,2000000.0
14,2022,Kolkata Knight Riders,Tim Southee,Overseas,Bowler,15000000.0
14,2022,Kolkata Knight Riders,Baba Indrajith,Indian,Wicket-Keeper,2000000.0
14,2022,Kolkata Knight Riders,Chamika Karunaratne,Overseas,All-Rounder,5000000.0
14,2022,Kolkata Knight Riders,Abhijeet Tomar,Indian,Batsman,4000000.0
14,2022,Kolkata Knight Riders,Aman Khan,Indian,All-Rounder,2000000.0
14,2022,Kolkata Knight Riders,Ramesh Kumar,Indian,Batsman,2000000.0
14,2022,Kolkata Knight Riders,Pratham Singh,Indian,Batsman,2000000.0
14,2022,Kolkata Knight Riders,Ashok Sharma,Indian,Bowler,5500000.0
15,2022,Lucknow Super Giants,Quinton De Kock,Overseas,Wicket-Keeper,67500000.0
15,2022,Lucknow Super Giants,Manish Pandey,Indian,Batsman,46000000.0
15,2022,Lucknow Super Giants,Krunal Pandya,Indian,All-Rounder,82500000.0
15,2022,Lucknow Super Giants,Mark Wood,Overseas,Bowler,75000000.0
15,2022,Lucknow Super Giants,Avesh Khan,Indian,Bowler,100000000.0
15,2022,Lucknow Super Giants,Ankit Singh Rajpoot,Indian,Bowler,5000000.0
15,2022,Lucknow Super Giants,K. Gowtham,Indian,All-Rounder,9000000.0
15,2022,Lucknow Super Giants,Dushmanta Chameera,Overseas,Bowler,20000000.0
15,2022,Lucknow Super Giants,Shahbaz Nadeem,Indian,Bowler,5000000.0
15,2022,Lucknow Super Giants,Manan Vohra,Indian,Batsman,2000000.0
15,2022,Lucknow Super Giants,Evin Lewis,Overseas,Batsman,20000000.0
15,2022,Lucknow Super Giants,Mohsin Khan,Indian,Bowler,2000000.0
15,2022,Lucknow Super Giants,Mayank Yadav,Indian,Bowler,2000000.0
15,2022,Lucknow Super Giants,Ayush Badoni,Indian,All-Rounder,2000000.0
15,2022,Lucknow Super Giants,Kyle Mayers,Overseas,All-Rounder,5000000.0
15,2022,Lucknow Super Giants,Karan Sharma,Indian,All-Rounder,2000000.0
15,2022,Lucknow Super Giants,Jason Holder,Overseas,All-Rounder,87500000.0
15,2022,Lucknow Super Giants,Deepak Hooda,Indian,All-Rounder,57500000.0
16,2022,Mumbai Indians,Ishan Kishan,Indian,Wicket-Keeper,152500000.0
16,2022,Mumbai Indians,Dewald Brevis,Overseas,Batsman,30000000.0
16,2022,Mumbai Indians,Anmolpreet Singh,Indian,Batsman,2000000.0
16,2022,Mumbai Indians,Basil Thampi,Indian,Bowler,3000000.0
16,2022,Mumbai Indians,Murugan Ashwin,Indian,Bowler,16000000.0
16,2022,Mumbai Indians,Jaydev Unadkat,Indian,Bowler,13000000.0
16,2022,Mumbai Indians,Mayank Markande,Indian,Bowler,6500000.0
16,2022,Mumbai Indians,N. Tilak Varma,Indian,All-Rounder,17000000.0
16,2022,Mumbai Indians,Sanjay Yadav,Indian,All-Rounder,5000000.0
16,2022,Mumbai Indians,Jofra Archer,Overseas,All-Rounder,80000000.0
16,2022,Mumbai Indians,Daniel Sams,Overseas,All-Rounder,26000000.0
16,2022,Mumbai Indians,Tymal Mills,Overseas,Bowler,15000000.0
16,2022,Mumbai Indians,Tim David,Overseas,All-Rounder,82500000.0
16,2022,Mumbai Indians,Ramandeep  Singh,Indian,All-Rounder,2000000.0
16,2022,Mumbai Indians,Aryan Juyal,Indian,Wicket-Keeper,2000000.0
16,2022,Mumbai Indians,Fabian Allen,Overseas,All-Rounder,7500000.0
16,2022,Mumbai Indians,Riley Meredith,Overseas,Bowler,10000000.0
16,2022,Mumbai Indians,Rahul Buddhi,Indian,Batsman,2000000.0
16,2022,Mumbai Indians,Hrithik Shokeen,Indian,All-Rounder,2000000.0
16,2022,Mumbai Indians,Mohd. Arshad Khan,Indian,All-Rounder,2000000.0
16,2022,Mumbai Indians,Arjun  Tendulkar,Indian,All-Rounder,3000000.0
17,2022,Punjab Kings,Shikhar Dhawan,Indian,Batsman,82500000.0
17,2022,Punjab Kings,Kagiso Rabada,Overseas,Bowler,92500000.0
17,2022,Punjab Kings,Jonny Bairstow,Overseas,Wicket-Keeper,67500000.0
17,2022,Punjab Kings,Rahul Chahar,Indian,Bowler,52500000.0
17,2022,Punjab Kings,Harpreet  Brar,Indian,All-Rounder,38000000.0
17,2022,Punjab Kings,Shahrukh Khan,Indian,All-Rounder,90000000.0
17,2022,Punjab Kings,Jitesh Sharma,Indian,Wicket-Keeper,2000000.0
17,2022,Punjab Kings,Prabhsimran Singh,Indian,Wicket-Keeper,6000000.0
17,2022,Punjab Kings,Ishan Porel,Indian,Bowler,2500000.0
17,2022,Punjab Kings,Liam Livingstone,Overseas,All-Rounder,115000000.0
17,2022,Punjab Kings,Odean Smith,Overseas,All-Rounder,60000000.0
17,2022,Punjab Kings,Sandeep Sharma,Indian,Bowler,5000000.0
17,2022,Punjab Kings,Raj Angad Bawa,Indian,All-Rounder,20000000.0
17,2022,Punjab Kings,Rishi Dhawan,Indian,All-Rounder,5500000.0
17,2022,Punjab Kings,Nathan Ellis,Overseas,Bowler,7500000.0
17,2022,Punjab Kings,Prerak Mankad,Indian,All-Rounder,2000000.0
17,2022,Punjab Kings,Atharva Taide,Indian,All-Rounder,2000000.0
17,2022,Punjab Kings,Vaibhav Arora,Indian,Bowler,20000000.0
17,2022,Punjab Kings,Bhanuka Rajapaksa,Overseas,Batsman,5000000.0
17,2022,Punjab Kings,Benny Howell,Overseas,All-Rounder,4000000.0
17,2022,Punjab Kings,Writtick Chatterjee,Indian,All-Rounder,2000000.0
17,2022,Punjab Kings,Baltej Dhanda,Indian,Bowler,2000000.0
17,2022,Punjab Kings,Ansh Patel,Indian,All-Rounder,2000000.0
18,2022,Rajasthan Royals,R. Ashwin,Indian,All-Rounder,50000000.0
18,2022,Rajasthan Royals,Trent Boult,Overseas,Bowler,80000000.0
18,2022,Rajasthan Royals,Shimron Hetmyer,Overseas,Batsman,85000000.0
18,2022,Rajasthan Royals,Devdutt Padikkal,Indian,Batsman,77500000.0
18,2022,Rajasthan Royals,Prasidh Krishna,Indian,Bowler,100000000.0
18,2022,Rajasthan Royals,Yuzvendra Chahal,Indian,Bowler,65000000.0
18,2022,Rajasthan Royals,Riyan Parag,Indian,All-Rounder,38000000.0
18,2022,Rajasthan Royals,K.C Cariappa,Indian,Bowler,3000000.0
18,2022,Rajasthan Royals,James Neesham,Overseas,All-Rounder,15000000.0
18,2022,Rajasthan Royals,Nathan Coulter-Nile,Overseas,Bowler,20000000.0
18,2022,Rajasthan Royals,Navdeep Saini,Indian,Bowler,26000000.0
18,2022,Rajasthan Royals,Kuldeep  Sen,Indian,Bowler,2000000.0
18,2022,Rajasthan Royals,Karun Nair,Indian,Batsman,14000000.0
18,2022,Rajasthan Royals,Rassie Van Der Dussen,Overseas,Batsman,10000000.0
18,2022,Rajasthan Royals,Daryl Mitchell,Overseas,All-Rounder,7500000.0
18,2022,Rajasthan Royals,Obed Mccoy,Overseas,Bowler,7500000.0
18,2022,Rajasthan Royals,Dhruv Jurel,Indian,Wicket-Keeper,2000000.0
18,2022,Rajasthan Royals,Tejas Baroka,Indian,Bowler,2000000.0
18,2022,Rajasthan Royals,Kuldip Yadav,Indian,Bowler,2000000.0
18,2022,Rajasthan Royals,Shubham Garhwal,Indian,All-Rounder,2000000.0
18,2022,Rajasthan Royals,Anunay Singh,Indian,All-Rounder,2000000.0
19,2022,Royal Challengers Bangalore,Faf Du Plessis,Overseas,Batsman,70000000.0
19,2022,Royal Challengers Bangalore,Wanindu Hasaranga,Overseas,All-Rounder,107500000.0
19,2022,Royal Challengers Bangalore,Harshal Patel,Indian,All-Rounder,107500000.0
19,2022,Royal Challengers Bangalore,Dinesh  Karthik,Indian,Wicket-Keeper,55000000.0
19,2022,Royal Challengers Bangalore,Josh Hazlewood,Overseas,Bowler,77500000.0
19,2022,Royal Challengers Bangalore,Shahbaz Ahamad,Indian,All-Rounder,24000000.0
19,2022,Royal Challengers Bangalore,Anuj Rawat,Indian,Wicket-Keeper,34000000.0
19,2022,Royal Challengers Bangalore,Akash  Deep,Indian,Bowler,2000000.0
19,2022,Royal Challengers Bangalore,Karn Sharma,Indian,Bowler,5000000.0
19,2022,Royal Challengers Bangalore,Mahipal Lomror,Indian,All-Rounder,9500000.0
19,2022,Royal Challengers Bangalore,Finn Allen,Overseas,Batsman,8000000.0
19,2022,Royal Challengers Bangalore,Sherfane Rutherford,Overseas,All-Rounder,10000000.0
19,2022,Royal Challengers Bangalore,Jason Behrendorff,Overseas,Bowler,7500000.0
19,2022,Royal Challengers Bangalore,Siddharth  Kaul,Indian,Bowler,7500000.0
19,2022,Royal Challengers Bangalore,Suyash Prabhudessai,Indian,All-Rounder,3000000.0
19,2022,Royal Challengers Bangalore,Luvnith Sisodia,Indian,Wicket-Keeper,2000000.0
19,2022,Royal Challengers Bangalore,Chama Milind,Indian,Bowler,2500000.0
19,2022,Royal Challengers Bangalore,Aneeshwar Gautam,Indian,All-Rounder,2000000.0
19,2022,Royal Challengers Bangalore,David Willey,Overseas,All-Rounder,20000000.0
20,2022,Sunrisers Hyderabad,Washington Sundar,Indian,All-Rounder,87500000.0
20,2022,Sunrisers Hyderabad,Nicholas Pooran,Overseas,Wicket-Keeper,107500000.0
20,2022,Sunrisers Hyderabad,Bhuvneshwar Kumar,Indian,Bowler,42000000.0
20,2022,Sunrisers Hyderabad,T. Natarajan,Indian,Bowler,40000000.0
20,2022,Sunrisers Hyderabad,Priyam  Garg,Indian,Batsman,2000000.0
20,2022,Sunrisers Hyderabad,Rahul Tripathi,Indian,Batsman,85000000.0
20,2022,Sunrisers Hyderabad,Abhishek Sharma,Indian,All-Rounder,65000000.0
20,2022,Sunrisers Hyderabad,Vishnu Vinod,Indian,Wicket-Keeper,5000000.0
20,2022,Sunrisers Hyderabad,Kartik Tyagi,Indian,Bowler,40000000.0
20,2022,Sunrisers Hyderabad,Shreyas Gopal,Indian,Bowler,7500000.0
20,2022,Sunrisers Hyderabad,Jagadeesha Suchith,Indian,Bowler,2000000.0
20,2022,Sunrisers Hyderabad,Aiden Markram,Overseas,Batsman,26000000.0
20,2022,Sunrisers Hyderabad,Marco Jansen,Overseas,All-Rounder,42000000.0
20,2022,Sunrisers Hyderabad,Romario Shepherd,Overseas,All-Rounder,77500000.0
20,2022,Sunrisers Hyderabad,Glenn Phillips,Overseas,Wicket-Keeper,15000000.0
20,2022,Sunrisers Hyderabad,Fazalhaq Farooqi,Overseas,Bowler,5000000.0
20,2022,Sunrisers Hyderabad,Sean Abbott,Overseas,Bowler,24000000.0
20,2022,Sunrisers Hyderabad,R Samarth,Indian,Batsman,2000000.0
20,2022,Sunrisers Hyderabad,Shashank Singh,Indian,All-Rounder,2000000.0
20,2022,Sunrisers Hyderabad,Saurabh Dubey,Indian,Bowler,2000000.0
21,2021,Chennai Super Kings,Krishnappa Gowtham,,All-Rounder,92500000.0
21,2021,Chennai Super Kings,Moeen Ali,,All-Rounder,70000000.0
21,2021,Chennai Super Kings,Cheteshwar Pujara,,Batsman,5000000.0
21,2021,Chennai Super Kings,K.Bhagath Varma,Indian,All-Rounder,2000000.0
21,2021,Chennai Super Kings,C Hari Nishaanth,,Batsman,2000000.0
21,2021,Chennai Super Kings,M. Harisankar Reddy,,Bowler,2000000.0
22,2021,Delhi Capitals,Tom Curran,,All-Rounder,52500000.0
22,2021,Delhi Capitals,Steven Smith,,Batsman,22000000.0
22,2021,Delhi Capitals,Sam Billings,Overseas,Wicket-Keeper,20000000.0
22,2021,Delhi Capitals,Umesh Yadav,Indian,Bowler,10000000.0
22,2021,Delhi Capitals,Ripal Patel,Indian,All-Rounder,2000000.0
22,2021,Delhi Capitals,Vishnu Vinod,Indian,Wicket-Keeper,2000000.0
22,2021,Delhi Capitals,Lukman Hussain Meriwala,,Bowler,2000000.0
22,2021,Delhi Capitals,M Siddharth,,Bowler,2000000.0
23,2021,Kolkata Knight Riders,Shakib Al Hasan,Overseas,All-Rounder,32000000.0
23,2021,Kolkata Knight Riders,Harbhajan Singh,,Bowler,20000000.0
23,2021,Kolkata Knight Riders,Ben Cutting,,All-Rounder,7500000.0
23,2021,Kolkata Knight Riders,Karun Nair,Indian,Batsman,5000000.0
23,2021,Kolkata Knight Riders,Pawan Negi,,All-Rounder,5000000.0
23,2021,Kolkata Knight Riders,Venkatesh Iyer,,All-Rounder,2000000.0
23,2021,Kolkata Knight Riders,Sheldon Jackson,Indian,Wicket-Keeper,2000000.0
23,2021,Kolkata Knight Riders,Vaibhav Arora,Indian,Bowler,2000000.0
24,2021,Mumbai Indians,Nathan Coulter-Nile,Overseas,Bowler,50000000.0
24,2021,Mumbai Indians,Adam Milne,Overseas,Bowler,32000000.0
24,2021,Mumbai Indians,Piyush Chawla,Indian,Bowler,24000000.0
24,2021,Mumbai Indians,James Neesham,Overseas,All-Rounder,5000000.0
24,2021,Mumbai Indians,Yudhvir Charak,Indian,All-Rounder,2000000.0
24,2021,Mumbai Indians,Marco Jansen,Overseas,All-Rounder,2000000.0
24,2021,Mumbai Indians,Arjun Tendulkar,,All-Rounder,2000000.0
25,2021,Punjab Kings,Jhye Richardson,Overseas,Bowler,140000000.0
25,2021,Punjab Kings,Riley Meredith,Overseas,Bowler,80000000.0
25,2021,Punjab Kings,Shahrukh Khan,Indian,All-Rounder,52500000.0
25,2021,Punjab Kings,Moises Henriques,,All-Rounder,42000000.0
25,2021,Punjab Kings,Dawid Malan,,All-Rounder,15000000.0
25,2021,Punjab Kings,Fabian Allen,Overseas,All-Rounder,7500000.0
25,2021,Punjab Kings,Jalaj Saxena,,All-Rounder,3000000.0
25,2021,Punjab Kings,Saurabh Kumar,,All-Rounder,2000000.0
25,2021,Punjab Kings,Utkarsh Singh,,All-Rounder,2000000.0
26,2021,Rajasthan Royals,Christopher Morris,,All-Rounder,162500000.0
26,2021,Rajasthan Royals,Shivam Dube,Indian,All-Rounder,44000000.0
26,2021,Rajasthan Royals,Chetan Sakariya,Indian,Bowler,12000000.0
26,2021,Rajasthan Royals,Mustafizur Rahman,Overseas,Bowler,10000000.0
26,2021,Rajasthan Royals,Liam Livingstone,Overseas,All-Rounder,7500000.0
26,2021,Rajasthan Royals,K.C Cariappa,Indian,Bowler,2000000.0
26,2021,Rajasthan Royals,Akash Singh,,Bowler,2000000.0
26,2021,Rajasthan Royals,Kuldip Yadav,Indian,Bowler,2000000.0
27,2021,Royal Challengers Bangalore,Kyle Jamieson,Overseas,All-Rounder,150000000.0
27,2021,Royal Challengers Bangalore,Glenn Maxwell,,All-Rounder,142500000.0
27,2021,Royal Challengers Bangalore,Dan Christian,,All-Rounder,48000000.0
27,2021,Royal Challengers Bangalore,Sachin Baby,,Batsman,2000000.0
27,2021,Royal Challengers Bangalore,Rajat Patidar,,Batsman,2000000.0
27,2021,Royal Challengers Bangalore,Mohammed Azharudeen,,Wicket-Keeper,2000000.0
27,2021,Royal Challengers Bangalore,Suyash Prabhudesai,,All-Rounder,2000000.0
27,2021,Royal Challengers Bangalore,Kona Srikar Bharat,,Wicket-Keeper,2000000.0
28,2021,Sunrisers Hyderabad,Kedar Jadhav,,All-Rounder,20000000.0
28,2021,Sunrisers Hyderabad,Mujeeb Zadran,,Bowler,15000000.0
28,2021,Sunrisers Hyderabad,J Suchith,,Bowler,3000000.0
29,2020,Chennai Super Kings,Piyush Chawla,Indian,Bowler,67500000.0
29,2020,Chennai Super Kings,Sam Curran,Overseas,All-Rounder,55000000.0
29,2020,Chennai Super Kings,Josh Hazlewood,Overseas,Bowler,20000000.0
29,2020,Chennai Super Kings,R. Sai Kishore,Indian,Bowler,2000000.0
30,2020,Delhi Capitals,Shimron Hetmyer,Overseas,Batsman,77500000.0
30,2020,Delhi Capitals,Marcus Stoinis,,All-Rounder,48000000.0
30,2020,Delhi Capitals,Alex Carey,,Wicket-Keeper,24000000.0
30,2020,Delhi Capitals,Jason Roy,Overseas,Batsman,15000000.0
30,2020,Delhi Capitals,Chris Woakes,,All-Rounder,15000000.0
30,2020,Delhi Capitals,Mohit Sharma,Indian,Bowler,5000000.0
30,2020,Delhi Capitals,Tushar Deshpande,Indian,Bowler,2000000.0
30,2020,Delhi Capitals,Lalit Yadav,Indian,All-Rounder,2000000.0
31,2020,Punjab Kings,Glenn Maxwell,,All-Rounder,107500000.0
31,2020,Punjab Kings,Sheldon Cottrell,,Bowler,85000000.0
31,2020,Punjab Kings,Chris Jordan,Overseas,All-Rounder,30000000.0
31,2020,Punjab Kings,Ravi Bishnoi,,Bowler,20000000.0
31,2020,Punjab Kings,Prabhsimran Singh,Indian,Wicket-Keeper,5500000.0
31,2020,Punjab Kings,Deepak Hooda,Indian,All-Rounder,5000000.0
31,2020,Punjab Kings,James Neesham,Overseas,All-Rounder,5000000.0
31,2020,Punjab Kings,Tajinder Dhillon,,All-Rounder,2000000.0
31,2020,Punjab Kings,Ishan Porel,Indian,Bowler,2000000.0
32,2020,Kolkata Knight Riders,Pat Cummins,Overseas,All-Rounder,155000000.0
32,2020,Kolkata Knight Riders,Eoin Morgan,,Batsman,52500000.0
32,2020,Kolkata Knight Riders,Varun Chakaravarthy,,All-Rounder,40000000.0
32,2020,Kolkata Knight Riders,Tom Banton,,Batsman,10000000.0
32,2020,Kolkata Knight Riders,Rahul Tripathi,Indian,Batsman,6000000.0
32,2020,Kolkata Knight Riders,Chris Green,,All-Rounder,2000000.0
32,2020,Kolkata Knight Riders,Nikhil Shankar Naik,,Wicket-Keeper,2000000.0
32,2020,Kolkata Knight Riders,Pravin Tambe,,Bowler,2000000.0
32,2020,Kolkata Knight Riders,M Siddharth,,Bowler,2000000.0
33,2020,Mumbai Indians,Nathan Coulter-Nile,Overseas,Bowler,80000000.0
33,2020,Mumbai Indians,Chris Lynn,,Batsman,20000000.0
33,2020,Mumbai Indians,Saurabh Tiwary,,Batsman,5000000.0
33,2020,Mumbai Indians,Digvijay Deshmukh,,All-Rounder,2000000.0
33,2020,Mumbai Indians,Prince Balwant Rai Singh,,All-Rounder,2000000.0
33,2020,Mumbai Indians,Mohsin Khan,Indian,Bowler,2000000.0
34,2020,Rajasthan Royals,Robin Uthappa,Indian,Batsman,30000000.0
34,2020,Rajasthan Royals,Jaydev Unadkat,Indian,Bowler,30000000.0
34,2020,Rajasthan Royals,Yashasvi Jaiswal,,All-Rounder,24000000.0
34,2020,Rajasthan Royals,Kartik Tyagi,Indian,Bowler,13000000.0
34,2020,Rajasthan Royals,Tom Curran,,All-Rounder,10000000.0
34,2020,Rajasthan Royals,Andrew Tye,,Bowler,10000000.0
34,2020,Rajasthan Royals,Anuj Rawat,Indian,Wicket-Keeper,8000000.0
34,2020,Rajasthan Royals,David Miller,Overseas,Batsman,7500000.0
34,2020,Rajasthan Royals,Oshane Thomas,,Bowler,5000000.0
34,2020,Rajasthan Royals,Anirudha Ashok Joshi,,All-Rounder,2000000.0
34,2020,Rajasthan Royals,Akash Singh,,Bowler,2000000.0
35,2020,Royal Challengers Bangalore,Christopher Morris,,All-Rounder,100000000.0
35,2020,Royal Challengers Bangalore,Aaron Finch,,Batsman,44000000.0
35,2020,Royal Challengers Bangalore,Kane Richardson,,Bowler,40000000.0
35,2020,Royal Challengers Bangalore,Dale Steyn,,Bowler,20000000.0
35,2020,Royal Challengers Bangalore,Isuru Udana,,All-Rounder,5000000.0
35,2020,Royal Challengers Bangalore,Shahbaz Ahamad,Indian,Wicket-Keeper,2000000.0
35,2020,Royal Challengers Bangalore,Joshua Philippe,,Wicket-Keeper,2000000.0
35,2020,Royal Challengers Bangalore,Pavan Deshpande,,All-Rounder,2000000.0
36,2020,Sunrisers Hyderabad,Mitchell Marsh,Overseas,All-Rounder,20000000.0
36,2020,Sunrisers Hyderabad,Priyam Garg,,Batsman,19000000.0
36,2020,Sunrisers Hyderabad,Virat Singh,,Batsman,19000000.0
36,2020,Sunrisers Hyderabad,Fabian Allen,Overseas,All-Rounder,5000000.0
36,2020,Sunrisers Hyderabad,Sandeep Bavanaka,,All-Rounder,2000000.0
36,2020,Sunrisers Hyderabad,Sanjay Yadav,Indian,All-Rounder,2000000.0
36,2020,Sunrisers Hyderabad,Abdul Samad,,All-Rounder,2000000.0
37,2019,Chennai Super Kings,Mohit Sharma,Indian,Bowler,50000000.0
37,2019,Chennai Super Kings,Ruturaj Gaikwad,,Batsman,2000000.0
38,2019,Delhi Capitals,Colin Ingram,,Batsman,64000000.0
38,2019,Delhi Capitals,Axar Rajesh Patel,,All-Rounder,50000000.0
38,2019,Delhi Capitals,Hanuma Vihari,,Batsman,20000000.0
38,2019,Delhi Capitals,Sherfane Rutherford,Overseas,All-Rounder,20000000.0
38,2019,Delhi Capitals,Ishant Sharma,Indian,Bowler,11000000.0
38,2019,Delhi Capitals,Keemo Paul,,All-Rounder,5000000.0
38,2019,Delhi Capitals,Jalaj Saxena,,All-Rounder,2000000.0
38,2019,Delhi Capitals,Ankush Bains,,Wicket-Keeper,2000000.0
38,2019,Delhi Capitals,Nathu Singh,,Bowler,2000000.0
38,2019,Delhi Capitals,Bandaru Ayyappa,,Bowler,2000000.0
39,2019,Punjab Kings,Varun Chakaravarthy,,All-Rounder,84000000.0
39,2019,Punjab Kings,Sam Curran,Overseas,All-Rounder,72000000.0
39,2019,Punjab Kings,Mohammad Shami,Indian,Bowler,48000000.0
39,2019,Punjab Kings,Prabhsimran Singh,Indian,Wicket-Keeper,48000000.0
39,2019,Punjab Kings,Nicolas Pooran,,Wicket-Keeper,42000000.0
39,2019,Punjab Kings,Moises Henriques,,All-Rounder,10000000.0
39,2019,Punjab Kings,Hardus Viljoen,,Bowler,7500000.0
39,2019,Punjab Kings,Darshan Nalkande,Indian,All-Rounder,3000000.0
39,2019,Punjab Kings,Sarfaraz Naushad Khan,,All-Rounder,2500000.0
39,2019,Punjab Kings,Arshdeep Singh,,Bowler,2000000.0
39,2019,Punjab Kings,Agnivesh Ayachi,,All-Rounder,2000000.0
39,2019,Punjab Kings,Harpreet Brar,,All-Rounder,2000000.0
39,2019,Punjab Kings,M. Ashwin,,Bowler,2000000.0
40,2019,Kolkata Knight Riders,Carlos Brathwaite,,All-Rounder,50000000.0
40,2019,Kolkata Knight Riders,Lockie Ferguson,Overseas,Bowler,16000000.0
40,2019,Kolkata Knight Riders,Joe Denly,,Batsman,10000000.0
40,2019,Kolkata Knight Riders,Harry Gurney,,Bowler,7500000.0
40,2019,Kolkata Knight Riders,Nikhil Shankar Naik,,Wicket-Keeper,2000000.0
40,2019,Kolkata Knight Riders,Shrikant Mundhe,,All-Rounder,2000000.0
40,2019,Kolkata Knight Riders,Prithvi Raj Yarra,,Bowler,2000000.0
40,2019,Kolkata Knight Riders,Anrich Nortje,,Bowler,2000000.0
41,2019,Mumbai Indians,Barinder Singh Sran,,Bowler,34000000.0
41,2019,Mumbai Indians,Lasith Malinga,,Bowler,20000000.0
41,2019,Mumbai Indians,Yuvraj Singh,,All-Rounder,10000000.0
41,2019,Mumbai Indians,Anmolpreet Singh,Indian,Batsman,8000000.0
41,2019,Mumbai Indians,Pankaj Jaswal,,All-Rounder,2000000.0
41,2019,Mumbai Indians,Rasikh Dar,Indian,Bowler,2000000.0
42,2019,Rajasthan Royals,Jaydev Unadkat,Indian,Bowler,84000000.0
42,2019,Rajasthan Royals,Varun Aaron,Indian,Bowler,24000000.0
42,2019,Rajasthan Royals,Oshane Thomas,,Bowler,11000000.0
42,2019,Rajasthan Royals,Ashton Turner,,All-Rounder,5000000.0
42,2019,Rajasthan Royals,Liam Livingstone,Overseas,All-Rounder,5000000.0
42,2019,Rajasthan Royals,Shashank Singh,Indian,All-Rounder,3000000.0
42,2019,Rajasthan Royals,Riyan Parag,Indian,All-Rounder,2000000.0
42,2019,Rajasthan Royals,Manan Vohra,Indian,Batsman,2000000.0
42,2019,Rajasthan Royals,Shubham Ranjane,,All-Rounder,2000000.0
43,2019,Royal Challengers Bangalore,Shivam Dube,Indian,All-Rounder,50000000.0
43,2019,Royal Challengers Bangalore,Shimron Hetmyer,Overseas,Batsman,42000000.0
43,2019,Royal Challengers Bangalore,Akshdeep Nath,,All-Rounder,36000000.0
43,2019,Royal Challengers Bangalore,Prayas Ray Barman,,All-Rounder,15000000.0
43,2019,Royal Challengers Bangalore,Himmat Singh,,Batsman,6500000.0
43,2019,Royal Challengers Bangalore,Gurkeerat Singh Mann,,All-Rounder,5000000.0
43,2019,Royal Challengers Bangalore,Heinrich Klaasen,Overseas,Wicket-Keeper,5000000.0
43,2019,Royal Challengers Bangalore,Devdutt Padikkal,Indian,Batsman,2000000.0
43,2019,Royal Challengers Bangalore,Milind Kumar,,All-Rounder,2000000.0
44,2019,Sunrisers Hyderabad,Jonny Bairstow,Overseas,Wicket-Keeper,22000000.0
44,2019,Sunrisers Hyderabad,Wriddhiman Saha,,Wicket-Keeper,12000000.0
44,2019,Sunrisers Hyderabad,Martin Guptill,,Batsman,10000000.0
45,2018,Chennai Super Kings,Kedar Jadhav,,All-Rounder,78000000.0
45,2018,Chennai Super Kings,Dwayne Bravo,Overseas,All-Rounder,64000000.0
45,2018,Chennai Super Kings,Karn Sharma,Indian,Bowler,50000000.0
45,2018,Chennai Super Kings,Shane Watson,,All-Rounder,40000000.0
45,2018,Chennai Super Kings,Shardul Narendra Thakur,,Bowler,26000000.0
45,2018,Chennai Super Kings,Ambati Rayudu,Indian,Wicket-Keeper,22000000.0
45,2018,Chennai Super Kings,Murali Vijay,,Batsman,20000000.0
45,2018,Chennai Super Kings,Harbhajan Singh,,Bowler,20000000.0
45,2018,Chennai Super Kings,Faf Du Plessis,Overseas,Batsman,16000000.0
45,2018,Chennai Super Kings,Mark Wood,Overseas,Bowler,15000000.0
45,2018,Chennai Super Kings,Sam Billings,Overseas,Wicket-Keeper,10000000.0
45,2018,Chennai Super Kings,Imran Tahir,,Bowler,10000000.0
45,2018,Chennai Super Kings,Deepak Chahar,Indian,All-Rounder,8000000.0
45,2018,Chennai Super Kings,Mitchell Santner,Overseas,All-Rounder,5000000.0
45,2018,Chennai Super Kings,Lungisani Ngidi,Overseas,Bowler,5000000.0
45,2018,Chennai Super Kings,Asif K M,,Bowler,4000000.0
45,2018,Chennai Super Kings,N Jagadeesan,,Wicket-Keeper,2000000.0
45,2018,Chennai Super Kings,Kanishk Seth,,All-Rounder,2000000.0
45,2018,Chennai Super Kings,Monu Singh,,Bowler,2000000.0
45,2018,Chennai Super Kings,Dhruv Shorey,,All-Rounder,2000000.0
45,2018,Chennai Super Kings,Kshitiz Sharma,,All-Rounder,2000000.0
45,2018,Chennai Super Kings,Chaitanya Bishnoi,,All-Rounder,2000000.0
46,2018,Delhi Capitals,Glenn Maxwell,,All-Rounder,90000000.0
46,2018,Delhi Capitals,Kagiso Rabada,Overseas,Bowler,42000000.0
46,2018,Delhi Capitals,Amit Mishra,Indian,Bowler,40000000.0
46,2018,Delhi Capitals,Shahbaz Nadeem,Indian,Bowler,32000000.0
46,2018,Delhi Capitals,Vijay Shankar,Indian,All-Rounder,32000000.0
46,2018,Delhi Capitals,Rahul Tewatia,Indian,All-Rounder,30000000.0
46,2018,Delhi Capitals,Mohammad Shami,Indian,Bowler,30000000.0
46,2018,Delhi Capitals,Gautam Gambhir,,Batsman,28000000.0
46,2018,Delhi Capitals,Trent Boult,Overseas,Bowler,22000000.0
46,2018,Delhi Capitals,Colin Munro,,All-Rounder,19000000.0
46,2018,Delhi Capitals,Daniel Christian,,All-Rounder,15000000.0
46,2018,Delhi Capitals,Jason Roy,Overseas,Batsman,15000000.0
46,2018,Delhi Capitals,Naman Ojha,,Wicket-Keeper,14000000.0
46,2018,Delhi Capitals,Prithvi Shaw,,Batsman,12000000.0
46,2018,Delhi Capitals,Gurkeerat Singh Mann,,All-Rounder,7500000.0
46,2018,Delhi Capitals,Avesh Khan,Indian,Bowler,7000000.0
46,2018,Delhi Capitals,Abhishek Sharma,Indian,All-Rounder,5500000.0
46,2018,Delhi Capitals,Jayant Yadav,Indian,All-Rounder,5000000.0
46,2018,Delhi Capitals,Harshal Patel,Indian,All-Rounder,2000000.0
46,2018,Delhi Capitals,Manjot Kalra,,Batsman,2000000.0
46,2018,Delhi Capitals,Sandeep Lamichhane,,Bowler,2000000.0
46,2018,Delhi Capitals,Sayan Ghosh,,Bowler,2000000.0
47,2018,Punjab Kings,KL Rahul,,Batsman,110000000.0
47,2018,Punjab Kings,Ravichandran Ashwin,,All-Rounder,76000000.0
47,2018,Punjab Kings,Andrew Tye,,Bowler,72000000.0
47,2018,Punjab Kings,Aaron Finch,,Batsman,62000000.0
47,2018,Punjab Kings,Marcus Stoinis,,All-Rounder,62000000.0
47,2018,Punjab Kings,Karun Nair,Indian,Batsman,56000000.0
47,2018,Punjab Kings,Mujeeb Zadran,,Bowler,40000000.0
47,2018,Punjab Kings,Ankit Singh Rajpoot,Indian,Bowler,30000000.0
47,2018,Punjab Kings,David Miller,Overseas,Batsman,30000000.0
47,2018,Punjab Kings,Mohit Sharma,Indian,Bowler,24000000.0
47,2018,Punjab Kings,Barinder Singh Sran,,Bowler,22000000.0
47,2018,Punjab Kings,Yuvraj Singh,,All-Rounder,20000000.0
47,2018,Punjab Kings,Christopher Gayle,,Batsman,20000000.0
47,2018,Punjab Kings,Ben Dwarshuis,,Bowler,14000000.0
47,2018,Punjab Kings,Akshdeep Nath,,All-Rounder,10000000.0
47,2018,Punjab Kings,Manoj Tiwary,,Batsman,10000000.0
47,2018,Punjab Kings,Mayank Agarwal,Indian,Batsman,10000000.0
47,2018,Punjab Kings,Manzoor Dar,,All-Rounder,2000000.0
47,2018,Punjab Kings,Pardeep Sahu,,Bowler,2000000.0
47,2018,Punjab Kings,Mayank Dagar,Indian,All-Rounder,2000000.0
48,2018,Kolkata Knight Riders,Chris Lynn,,Batsman,96000000.0
48,2018,Kolkata Knight Riders,Mitchell Starc,,Bowler,94000000.0
48,2018,Kolkata Knight Riders,Dinesh Karthik,,Wicket-Keeper,74000000.0
48,2018,Kolkata Knight Riders,Robin Uthappa,Indian,Wicket-Keeper,64000000.0
48,2018,Kolkata Knight Riders,Kuldeep Singh Yadav,,Bowler,58000000.0
48,2018,Kolkata Knight Riders,Piyush Chawla,Indian,Bowler,42000000.0
48,2018,Kolkata Knight Riders,Nitish Rana,Indian,All-Rounder,34000000.0
48,2018,Kolkata Knight Riders,Kamlesh Nagarkoti,Indian,All-Rounder,32000000.0
48,2018,Kolkata Knight Riders,Shivam Mavi,Indian,All-Rounder,30000000.0
48,2018,Kolkata Knight Riders,Mitchell Johnson,,Bowler,20000000.0
48,2018,Kolkata Knight Riders,Shubman Gill,,Batsman,18000000.0
48,2018,Kolkata Knight Riders,Ranganath Vinay Kumar,,Bowler,10000000.0
48,2018,Kolkata Knight Riders,Rinku Singh,Indian,Batsman,8000000.0
48,2018,Kolkata Knight Riders,Cameron Delport,,All-Rounder,3000000.0
48,2018,Kolkata Knight Riders,Javon Searless,,All-Rounder,3000000.0
48,2018,Kolkata Knight Riders,Apoorv Vijay Wankhade,,Batsman,2000000.0
48,2018,Kolkata Knight Riders,Ishank Jaggi,,Batsman,2000000.0
49,2018,Mumbai Indians,Krunal Pandya,Indian,All-Rounder,88000000.0
49,2018,Mumbai Indians,Ishan Kishan,Indian,Wicket-Keeper,62000000.0
49,2018,Mumbai Indians,Kieron Pollard,,All-Rounder,54000000.0
49,2018,Mumbai Indians,Pat Cummins,Overseas,Bowler,54000000.0
49,2018,Mumbai Indians,Evin Lewis,Overseas,Batsman,38000000.0
49,2018,Mumbai Indians,Suryakumar Yadav,,Batsman,32000000.0
49,2018,Mumbai Indians,Ben Cutting,,All-Rounder,22000000.0
49,2018,Mumbai Indians,Mustafizur Rahman,Overseas,Bowler,22000000.0
49,2018,Mumbai Indians,Rahul Chahar,Indian,Bowler,19000000.0
49,2018,Mumbai Indians,Pradeep Sangwan,Indian,Bowler,15000000.0
49,2018,Mumbai Indians,Jason Behrendorff,Overseas,Bowler,15000000.0
49,2018,Mumbai Indians,Jean-Paul Duminy,,All-Rounder,10000000.0
49,2018,Mumbai Indians,Saurabh Tiwary,,Batsman,8000000.0
49,2018,Mumbai Indians,Tajinder Dhillon,,All-Rounder,5500000.0
49,2018,Mumbai Indians,Akila Dhananjaya,,Bowler,5000000.0
49,2018,Mumbai Indians,Nidheesh M D Dinesan,,Bowler,2000000.0
49,2018,Mumbai Indians,Aditya Tare,,Wicket-Keeper,2000000.0
49,2018,Mumbai Indians,Siddhesh Dinesh Lad,,Batsman,2000000.0
49,2018,Mumbai Indians,Mayank Markande,Indian,Bowler,2000000.0
49,2018,Mumbai Indians,Sharad Lumba,,Batsman,2000000.0
49,2018,Mumbai Indians,Anukul Roy,Indian,All-Rounder,2000000.0
49,2018,Mumbai Indians,Mohsin Khan,Indian,Bowler,2000000.0
50,2018,Rajasthan Royals,Benjamin Stokes,,All-Rounder,125000000.0
50,2018,Rajasthan Royals,Jaydev Unadkat,Indian,Bowler,115000000.0
50,2018,Rajasthan Royals,Sanju Samson,,Wicket-Keeper,80000000.0
50,2018,Rajasthan Royals,Jofra Archer,Overseas,All-Rounder,72000000.0
50,2018,Rajasthan Royals,Krishnappa Gowtham,,Bowler,62000000.0
50,2018,Rajasthan Royals,Jos Buttler,,Wicket-Keeper,44000000.0
50,2018,Rajasthan Royals,Ajinkya Rahane,Indian,Batsman,40000000.0
50,2018,Rajasthan Royals,Darcy Short,,All-Rounder,40000000.0
50,2018,Rajasthan Royals,Rahul Tripathi,Indian,Batsman,34000000.0
50,2018,Rajasthan Royals,Dhawal Kulkarni,,Bowler,7500000.0
50,2018,Rajasthan Royals,Zahir Khan Pakteen,,Bowler,6000000.0
50,2018,Rajasthan Royals,Ben Laughlin,,Bowler,5000000.0
50,2018,Rajasthan Royals,Stuart Binny,,All-Rounder,5000000.0
50,2018,Rajasthan Royals,Dushmantha Chameera,,Bowler,5000000.0
50,2018,Rajasthan Royals,Anureet Singh,,Bowler,3000000.0
50,2018,Rajasthan Royals,Aryaman Vikram Birla,,All-Rounder,3000000.0
50,2018,Rajasthan Royals,Midhun S,,All-Rounder,2000000.0
50,2018,Rajasthan Royals,Shreyas Gopal,Indian,All-Rounder,2000000.0
50,2018,Rajasthan Royals,Prashant Chopra,,Wicket-Keeper,2000000.0
50,2018,Rajasthan Royals,Jatin Saxena,,All-Rounder,2000000.0
50,2018,Rajasthan Royals,Ankit Sharma,,All-Rounder,2000000.0
50,2018,Rajasthan Royals,Mahipal Lomror,Indian,All-Rounder,2000000.0
51,2018,Royal Challengers Bangalore,Chris Woakes,,All-Rounder,74000000.0
51,2018,Royal Challengers Bangalore,Yuzvendra Singh Chahal,,Bowler,60000000.0
51,2018,Royal Challengers Bangalore,Umesh Yadav,Indian,Bowler,42000000.0
51,2018,Royal Challengers Bangalore,Brendon McCullum,,Batsman,36000000.0
51,2018,Royal Challengers Bangalore,M.S. Washington Sundar,,All-Rounder,32000000.0
51,2018,Royal Challengers Bangalore,Navdeep Saini,Indian,Bowler,30000000.0
51,2018,Royal Challengers Bangalore,Quinton De Kock,Overseas,Wicket-Keeper,28000000.0
51,2018,Royal Challengers Bangalore,Mohammed Siraj,,Bowler,26000000.0
51,2018,Royal Challengers Bangalore,Nathan Coulter-Nile,Overseas,Bowler,22000000.0
51,2018,Royal Challengers Bangalore,Colin De Grandhomme,,All-Rounder,22000000.0
51,2018,Royal Challengers Bangalore,M. Ashwin,,Bowler,22000000.0
51,2018,Royal Challengers Bangalore,Parthiv Patel,,Wicket-Keeper,17000000.0
51,2018,Royal Challengers Bangalore,Moeen Ali,,All-Rounder,17000000.0
51,2018,Royal Challengers Bangalore,Mandeep Singh,Indian,All-Rounder,14000000.0
51,2018,Royal Challengers Bangalore,Manan Vohra,Indian,Batsman,11000000.0
51,2018,Royal Challengers Bangalore,Pawan Negi,,All-Rounder,10000000.0
51,2018,Royal Challengers Bangalore,Tim Southee,Overseas,Bowler,10000000.0
51,2018,Royal Challengers Bangalore,Kulwant Khejroliya,Indian,Bowler,8500000.0
51,2018,Royal Challengers Bangalore,Aniket Choudhary,,Bowler,3000000.0
51,2018,Royal Challengers Bangalore,Pavan Deshpande,,All-Rounder,2000000.0
51,2018,Royal Challengers Bangalore,Anirudha Ashok Joshi,,All-Rounder,2000000.0
52,2018,Sunrisers Hyderabad,Manish Pandey,Indian,Batsman,110000000.0
52,2018,Sunrisers Hyderabad,Rashid Khan Arman,,Bowler,90000000.0
52,2018,Sunrisers Hyderabad,Shikhar Dhawan,Indian,Batsman,52000000.0
52,2018,Sunrisers Hyderabad,Wriddhiman Saha,,Wicket-Keeper,50000000.0
52,2018,Sunrisers Hyderabad,Siddarth Kaul,,Bowler,38000000.0
52,2018,Sunrisers Hyderabad,Deepak Hooda,Indian,All-Rounder,36000000.0
52,2018,Sunrisers Hyderabad,Syed Khaleel Ahmed,Indian,Bowler,30000000.0
52,2018,Sunrisers Hyderabad,Sandeep Sharma,Indian,Bowler,30000000.0
52,2018,Sunrisers Hyderabad,Kane Williamson,Overseas,Batsman,30000000.0
52,2018,Sunrisers Hyderabad,Carlos Brathwaite,,All-Rounder,20000000.0
52,2018,Sunrisers Hyderabad,Shakib Al Hasan,Overseas,All-Rounder,20000000.0
52,2018,Sunrisers Hyderabad,Yusuf Pathan,,All-Rounder,19000000.0
52,2018,Sunrisers Hyderabad,Shreevats Goswami,,Wicket-Keeper,10000000.0
52,2018,Sunrisers Hyderabad,Mohammad Nabi,,All-Rounder,10000000.0
52,2018,Sunrisers Hyderabad,Chris Jordan,Overseas,All-Rounder,10000000.0
52,2018,Sunrisers Hyderabad,Basil Thampi,Indian,Bowler,9500000.0
52,2018,Sunrisers Hyderabad,Billy Stanlake,,Batsman,5000000.0
52,2018,Sunrisers Hyderabad,T Natarajan,,Bowler,4000000.0
52,2018,Sunrisers Hyderabad,Sachin Baby,,Batsman,2000000.0
52,2018,Sunrisers Hyderabad,Bipul Sharma,,All-Rounder,2000000.0
52,2018,Sunrisers Hyderabad,Syed Mehdi Hasan,,All-Rounder,2000000.0
52,2018,Sunrisers Hyderabad,Ricky Bhui,,Batsman,2000000.0
52,2018,Sunrisers Hyderabad,Tanmay Agarwal,,Batsman,2000000.0
53,2017,Delhi Capitals,Kagiso Rabada,Overseas,Bowler,50000000.0
53,2017,Delhi Capitals,Patrick Cummins,,Bowler,45000000.0
53,2017,Delhi Capitals,Angelo Mathews,,All-Rounder,20000000.0
53,2017,Delhi Capitals,Corey Anderson,,All-Rounder,10000000.0
53,2017,Delhi Capitals,M. Ashwin,,Bowler,10000000.0
53,2017,Delhi Capitals,Aditya Tare,,Wicket-Keeper,2500000.0
53,2017,Delhi Capitals,Ankeet Bawane,,Batsman,1000000.0
53,2017,Delhi Capitals,Navdeep Saini,Indian,Bowler,1000000.0
53,2017,Delhi Capitals,Shashank Singh,Indian,All-Rounder,1000000.0
54,2017,Gujarat Lions,Jason Roy,Overseas,Batsman,10000000.0
54,2017,Gujarat Lions,Basil Thampi,Indian,Bowler,8500000.0
54,2017,Gujarat Lions,Manpreet Gony,,Bowler,6000000.0
54,2017,Gujarat Lions,Nathu Singh,,Bowler,5000000.0
54,2017,Gujarat Lions,Munaf Patel,,Bowler,3000000.0
54,2017,Gujarat Lions,Akshdeep Nath,,All-Rounder,1000000.0
54,2017,Gujarat Lions,Shubam Agrawal,,All-Rounder,1000000.0
54,2017,Gujarat Lions,Tejas Singh Baroka,,Bowler,1000000.0
54,2017,Gujarat Lions,Chirag Suri,,Batsman,1000000.0
54,2017,Gujarat Lions,Pratham Singh,Indian,All-Rounder,1000000.0
54,2017,Gujarat Lions,Shelley Shaurya,,Bowler,1000000.0
55,2017,Punjab Kings,T Natarajan,,Bowler,30000000.0
55,2017,Punjab Kings,Varun Aaron,Indian,Bowler,28000000.0
55,2017,Punjab Kings,Eoin Morgan,,Batsman,20000000.0
55,2017,Punjab Kings,Matt Henry,,Bowler,5000000.0
55,2017,Punjab Kings,Martin Guptill,,Batsman,5000000.0
55,2017,Punjab Kings,Darren Sammy,,All-Rounder,3000000.0
55,2017,Punjab Kings,Rahul Tewatia,Indian,All-Rounder,2500000.0
55,2017,Punjab Kings,Rinku Singh,Indian,Batsman,1000000.0
56,2017,Kolkata Knight Riders,Trent Boult,Overseas,Bowler,50000000.0
56,2017,Kolkata Knight Riders,Chris Woakes,,All-Rounder,42000000.0
56,2017,Kolkata Knight Riders,Nathan Coulter-Nile,Overseas,Bowler,35000000.0
56,2017,Kolkata Knight Riders,Rishi Dhawan,Indian,All-Rounder,5500000.0
56,2017,Kolkata Knight Riders,Darren Bravo,,Batsman,5000000.0
56,2017,Kolkata Knight Riders,Rovman Powell,Overseas,All-Rounder,3000000.0
56,2017,Kolkata Knight Riders,Sayan Ghosh,,Bowler,1000000.0
56,2017,Kolkata Knight Riders,R. Sanjay Yadav,,All-Rounder,1000000.0
56,2017,Kolkata Knight Riders,Ishank Jaggi,,Batsman,1000000.0
57,2017,Mumbai Indians,Karn Sharma,Indian,All-Rounder,32000000.0
57,2017,Mumbai Indians,Krishnappa Gowtham,,All-Rounder,20000000.0
57,2017,Mumbai Indians,Mitchell Johnson,,Bowler,20000000.0
57,2017,Mumbai Indians,Asela Gunarathna,,Batsman,3000000.0
57,2017,Mumbai Indians,Saurabh Tiwary,,Batsman,3000000.0
57,2017,Mumbai Indians,Nicolas Pooran,,Wicket-Keeper,3000000.0
57,2017,Mumbai Indians,Kulwant Khejroliya,Indian,Bowler,1000000.0
58,2017,Rising Pune Supergiant,Benjamin Stokes,,All-Rounder,145000000.0
58,2017,Rising Pune Supergiant,Daniel Christian,,All-Rounder,10000000.0
58,2017,Rising Pune Supergiant,Manoj Tiwary,,Batsman,5000000.0
58,2017,Rising Pune Supergiant,Lockie Ferguson,Overseas,Bowler,5000000.0
58,2017,Rising Pune Supergiant,Jaydev Unadkat,Indian,Bowler,3000000.0
58,2017,Rising Pune Supergiant,Rahul Chahar,Indian,Bowler,1000000.0
58,2017,Rising Pune Supergiant,Saurabh Kumar,,Bowler,1000000.0
58,2017,Rising Pune Supergiant,Milind Tandon,,All-Rounder,1000000.0
58,2017,Rising Pune Supergiant,Rahul Ajay Tripathi,,All-Rounder,1000000.0
59,2017,Royal Challengers Bangalore,Tymal Mills,Overseas,Bowler,120000000.0
59,2017,Royal Challengers Bangalore,Aniket Choudhary,,Bowler,20000000.0
59,2017,Royal Challengers Bangalore,Pawan Negi,,All-Rounder,10000000.0
59,2017,Royal Challengers Bangalore,Billy Stanlake,,Bowler,3000000.0
59,2017,Royal Challengers Bangalore,Praveen Dubey,,All-Rounder,1000000.0
60,2017,Sunrisers Hyderabad,Rashid Khan Arman,,Bowler,40000000.0
60,2017,Sunrisers Hyderabad,Mohammed Siraj,,Bowler,26000000.0
60,2017,Sunrisers Hyderabad,Eklavya Dwivedi,,Wicket-Keeper,7500000.0
60,2017,Sunrisers Hyderabad,Chris Jordan,Overseas,All-Rounder,5000000.0
60,2017,Sunrisers Hyderabad,Mohammad Nabi,,All-Rounder,3000000.0
60,2017,Sunrisers Hyderabad,Ben Laughlin,,Bowler,3000000.0
60,2017,Sunrisers Hyderabad,Pravin Tambe,,Bowler,1000000.0
60,2017,Sunrisers Hyderabad,Tanmay Agarwal,,Batsman,1000000.0
61,2016,Delhi Capitals,Pawan Negi,,All-Rounder,85000000.0
61,2016,Delhi Capitals,Christopher Morris,,All-Rounder,70000000.0
61,2016,Delhi Capitals,Sanju Samson,,Wicket-Keeper,42000000.0
61,2016,Delhi Capitals,Carlos Brathwaite,,All-Rounder,42000000.0
61,2016,Delhi Capitals,Karun Nair,Indian,Batsman,40000000.0
61,2016,Delhi Capitals,Rishabh Pant,,Wicket-Keeper,19000000.0
61,2016,Delhi Capitals,Joel Paris,,Bowler,3000000.0
61,2016,Delhi Capitals,Sam Billings,Overseas,Wicket-Keeper,3000000.0
61,2016,Delhi Capitals,Chama Milind,Indian,Bowler,1000000.0
61,2016,Delhi Capitals,Pratyush Singh,,All-Rounder,1000000.0
61,2016,Delhi Capitals,Mahipal Lomror,Indian,All-Rounder,1000000.0
61,2016,Delhi Capitals,Syed Khaleel Ahmed,Indian,All-Rounder,1000000.0
61,2016,Delhi Capitals,Akhil Arvind Herwadkar,,All-Rounder,1000000.0
61,2016,Delhi Capitals,Pawan Suyal,,Bowler,1000000.0
62,2016,Gujarat Lions,Praveen Kumar,,Bowler,35000000.0
62,2016,Gujarat Lions,Dale Steyn,,Bowler,23000000.0
62,2016,Gujarat Lions,Dinesh Karthik,,Wicket-Keeper,23000000.0
62,2016,Gujarat Lions,Dwayne Smith,,All-Rounder,23000000.0
62,2016,Gujarat Lions,Dhawal Kulkarni,,Bowler,20000000.0
62,2016,Gujarat Lions,Aaron Finch,,Batsman,10000000.0
62,2016,Gujarat Lions,Eklavya Dwivedi,,Wicket-Keeper,10000000.0
62,2016,Gujarat Lions,Andrew Tye,,All-Rounder,5000000.0
62,2016,Gujarat Lions,Ishan Kishan,Indian,Wicket-Keeper,3500000.0
62,2016,Gujarat Lions,Jaydev Shah,,All-Rounder,2000000.0
62,2016,Gujarat Lions,Shadab Jakati,,All-Rounder,2000000.0
62,2016,Gujarat Lions,Pravin Tambe,,Bowler,2000000.0
62,2016,Gujarat Lions,Pradeep Sangwan,Indian,All-Rounder,2000000.0
62,2016,Gujarat Lions,Amit Mishra,Indian,Bowler,1000000.0
62,2016,Gujarat Lions,Shivil Kaushik,,Bowler,1000000.0
62,2016,Gujarat Lions,Akshdeep Nath,,All-Rounder,1000000.0
62,2016,Gujarat Lions,Sarabjit Ladda,,Bowler,1000000.0
62,2016,Gujarat Lions,Umang Sharma,,Batsman,1000000.0
62,2016,Gujarat Lions,Paras Dogra,,Batsman,1000000.0
63,2016,Punjab Kings,Mohit Sharma,Indian,Bowler,65000000.0
63,2016,Punjab Kings,Kyle Abbott,,Bowler,21000000.0
63,2016,Punjab Kings,K.C. Cariappa,,Bowler,8000000.0
63,2016,Punjab Kings,Marcus Stoinis,,All-Rounder,5500000.0
63,2016,Punjab Kings,Farhaan Behardien,,All-Rounder,3000000.0
63,2016,Punjab Kings,Pardeep Sahu,,All-Rounder,1000000.0
63,2016,Punjab Kings,Armaan Jaffer,,Batsman,1000000.0
63,2016,Punjab Kings,Swapnil Singh,Indian,All-Rounder,1000000.0
64,2016,Kolkata Knight Riders,Jaydev Unadkat,Indian,Bowler,16000000.0
64,2016,Kolkata Knight Riders,Ankit Singh Rajpoot,Indian,Bowler,15000000.0
64,2016,Kolkata Knight Riders,John Hastings,,Bowler,13000000.0
64,2016,Kolkata Knight Riders,Jason Holder,Overseas,All-Rounder,7000000.0
64,2016,Kolkata Knight Riders,Colin Munro,,All-Rounder,3000000.0
64,2016,Kolkata Knight Riders,Rajagopal Sathish,,All-Rounder,2000000.0
64,2016,Kolkata Knight Riders,Manan Ajay Sharma,,All-Rounder,1000000.0
65,2016,Mumbai Indians,Jos Buttler,,Wicket-Keeper,38000000.0
65,2016,Mumbai Indians,Nathu Singh,,Bowler,32000000.0
65,2016,Mumbai Indians,Tim Southee,Overseas,Bowler,25000000.0
65,2016,Mumbai Indians,Krunal Pandya,Indian,All-Rounder,20000000.0
65,2016,Mumbai Indians,Kishore Pramod Kamath,,All-Rounder,14000000.0
65,2016,Mumbai Indians,Deepak Punia,,All-Rounder,1000000.0
65,2016,Mumbai Indians,Jitesh Sharma,Indian,Wicket-Keeper,1000000.0
66,2016,Rising Pune Supergiant,Mitchell Marsh,Overseas,All-Rounder,48000000.0
66,2016,Rising Pune Supergiant,M. Ashwin,,Bowler,45000000.0
66,2016,Rising Pune Supergiant,Ishant Sharma,Indian,Bowler,38000000.0
66,2016,Rising Pune Supergiant,Kevin Pietersen,,Batsman,35000000.0
66,2016,Rising Pune Supergiant,Irfan Pathan,,All-Rounder,10000000.0
66,2016,Rising Pune Supergiant,Thisara Perera,,All-Rounder,10000000.0
66,2016,Rising Pune Supergiant,Rajat Bhatia,,All-Rounder,6000000.0
66,2016,Rising Pune Supergiant,Ashok Dinda,,Bowler,5000000.0
66,2016,Rising Pune Supergiant,Scott Boland,,Bowler,5000000.0
66,2016,Rising Pune Supergiant,Peter Handscomb,,Wicket-Keeper,3000000.0
66,2016,Rising Pune Supergiant,Rudra Pratap Singh,,Bowler,3000000.0
66,2016,Rising Pune Supergiant,Adam Zampa,Overseas,Bowler,3000000.0
66,2016,Rising Pune Supergiant,Ishwar Chandra Pandey,,Bowler,2000000.0
66,2016,Rising Pune Supergiant,Deepak Chahar,Indian,All-Rounder,1000000.0
66,2016,Rising Pune Supergiant,Jaskaran Singh,,Bowler,1000000.0
66,2016,Rising Pune Supergiant,Baba Aparajith,,All-Rounder,1000000.0
66,2016,Rising Pune Supergiant,Ankush Bains,,Wicket-Keeper,1000000.0
66,2016,Rising Pune Supergiant,Ankit Sharma,,All-Rounder,1000000.0
67,2016,Royal Challengers Bangalore,Shane Watson,,All-Rounder,95000000.0
67,2016,Royal Challengers Bangalore,Stuart Binny,,All-Rounder,20000000.0
67,2016,Royal Challengers Bangalore,Kane Richardson,,Bowler,20000000.0
67,2016,Royal Challengers Bangalore,Samuel Badree,,Bowler,5000000.0
67,2016,Royal Challengers Bangalore,Travis Head,,Batsman,5000000.0
67,2016,Royal Challengers Bangalore,Praveen Dubey,,All-Rounder,3500000.0
67,2016,Royal Challengers Bangalore,Vikramjeet Malik,,Bowler,2000000.0
67,2016,Royal Challengers Bangalore,Akshay Karnewar,,All-Rounder,1000000.0
67,2016,Royal Challengers Bangalore,Iqbal Abdullah,,All-Rounder,1000000.0
67,2016,Royal Challengers Bangalore,Sachin Baby,,Batsman,1000000.0
67,2016,Royal Challengers Bangalore,Vikas Tokas,,Bowler,1000000.0
68,2016,Sunrisers Hyderabad,Yuvraj Singh,,All-Rounder,70000000.0
68,2016,Sunrisers Hyderabad,Ashish Nehra,,Bowler,55000000.0
68,2016,Sunrisers Hyderabad,Deepak Hooda,Indian,All-Rounder,42000000.0
68,2016,Sunrisers Hyderabad,Mustafizur Rahman,Overseas,Bowler,14000000.0
68,2016,Sunrisers Hyderabad,Aditya Tare,,Wicket-Keeper,12000000.0
68,2016,Sunrisers Hyderabad,Barinder Singh Sran,,Bowler,12000000.0
68,2016,Sunrisers Hyderabad,Ben Cutting,,All-Rounder,5000000.0
68,2016,Sunrisers Hyderabad,Vijay Shankar,Indian,All-Rounder,3500000.0
68,2016,Sunrisers Hyderabad,Abhimanyu Mithun,,Bowler,3000000.0
68,2016,Sunrisers Hyderabad,Tirumalasetti Suman,,Batsman,1000000.0
69,2015,Chennai Super Kings,Michael Hussey,,Batsman,15000000.0
69,2015,Chennai Super Kings,Irfan Pathan,,All-Rounder,15000000.0
69,2015,Chennai Super Kings,Rahul Sharma,,Bowler,3000000.0
69,2015,Chennai Super Kings,Kyle Abbott,,Bowler,3000000.0
69,2015,Chennai Super Kings,Andrew Tye,,Bowler,2000000.0
69,2015,Chennai Super Kings,Pratyush Singh,,All-Rounder,1000000.0
69,2015,Chennai Super Kings,Ankush Bains,,Wicket-Keeper,1000000.0
69,2015,Chennai Super Kings,Eklavya Dwivedi,,Wicket-Keeper,1000000.0
70,2015,Delhi Capitals,Yuvraj Singh,,Batsman,160000000.0
70,2015,Delhi Capitals,Angelo Mathews,,All-Rounder,75000000.0
70,2015,Delhi Capitals,Zaheer Khan,,Bowler,40000000.0
70,2015,Delhi Capitals,Amit Mishra,Indian,Bowler,35000000.0
70,2015,Delhi Capitals,Shreyas Iyer,Indian,Batsman,26000000.0
70,2015,Delhi Capitals,Gurinder Sandhu,,Bowler,17000000.0
70,2015,Delhi Capitals,Jaydev Unadkat,Indian,Bowler,11000000.0
70,2015,Delhi Capitals,Domnic Joseph Muthuswamy,,Bowler,7500000.0
70,2015,Delhi Capitals,Albie Morkel,,All-Rounder,3000000.0
70,2015,Delhi Capitals,Travis Head,,Batsman,3000000.0
70,2015,Delhi Capitals,Marcus Stoinis,,All-Rounder,2500000.0
70,2015,Delhi Capitals,C.M. Gautam,,Wicket-Keeper,2000000.0
70,2015,Delhi Capitals,Kona Srikar Bharat,,Wicket-Keeper,1000000.0
70,2015,Delhi Capitals,K.K. Jiyaz,,Bowler,1000000.0
71,2015,Punjab Kings,Murali Vijay,,Batsman,30000000.0
71,2015,Punjab Kings,Nikhil Shankar Naik,,Wicket-Keeper,3000000.0
71,2015,Punjab Kings,Yogesh Gowalkar,,All-Rounder,1000000.0
72,2015,Kolkata Knight Riders,K.C. Cariappa,,Bowler,24000000.0
72,2015,Kolkata Knight Riders,James Neesham,Overseas,All-Rounder,5000000.0
72,2015,Kolkata Knight Riders,Brad Hogg,,Bowler,5000000.0
72,2015,Kolkata Knight Riders,Aditya Garhwal,,All-Rounder,2500000.0
72,2015,Kolkata Knight Riders,Sheldon Jackson,Indian,Batsman,1500000.0
72,2015,Kolkata Knight Riders,Sumit Narwal,,All-Rounder,1000000.0
72,2015,Kolkata Knight Riders,Vaibhav Rawal,,All-Rounder,1000000.0
73,2015,Mumbai Indians,Aaron Finch,,Batsman,32000000.0
73,2015,Mumbai Indians,Pragyan Ojha,,Bowler,5000000.0
73,2015,Mumbai Indians,Abhimanyu Mithun,,Bowler,3000000.0
73,2015,Mumbai Indians,Mitchell McClenaghan,,Bowler,3000000.0
73,2015,Mumbai Indians,Aiden Blizzard,,Batsman,3000000.0
73,2015,Mumbai Indians,Hardik Pandya,,All-Rounder,1000000.0
73,2015,Mumbai Indians,Akshay Wakhare,,Bowler,1000000.0
73,2015,Mumbai Indians,Nitish Rana,Indian,All-Rounder,1000000.0
73,2015,Mumbai Indians,Siddhesh Dinesh Lad,,All-Rounder,1000000.0
73,2015,Mumbai Indians,J. Suchitch,,All-Rounder,1000000.0
74,2015,Rajasthan Royals,Christopher Morris,,All-Rounder,14000000.0
74,2015,Rajasthan Royals,Juan Theron,,Bowler,3000000.0
74,2015,Rajasthan Royals,Barinder Singh Saran,,Bowler,1000000.0
74,2015,Rajasthan Royals,Dinesh Salunkhe,,All-Rounder,1000000.0
74,2015,Rajasthan Royals,Sagar Trivedi,,All-Rounder,1000000.0
74,2015,Rajasthan Royals,Pardeep Sahu,,All-Rounder,1000000.0
75,2015,Royal Challengers Bangalore,Dinesh Karthik,,Wicket-Keeper,105000000.0
75,2015,Royal Challengers Bangalore,Darren Sammy,,All-Rounder,28000000.0
75,2015,Royal Challengers Bangalore,David Wiese,Overseas,All-Rounder,28000000.0
75,2015,Royal Challengers Bangalore,Sean Abbott,Overseas,Bowler,10000000.0
75,2015,Royal Challengers Bangalore,Adam Milne,Overseas,Bowler,7000000.0
75,2015,Royal Challengers Bangalore,Sarfaraz Naushad Khan,,Batsman,5000000.0
75,2015,Royal Challengers Bangalore,Subramaniam Badrinath,,Batsman,3000000.0
75,2015,Royal Challengers Bangalore,Jalaj Saxena,,All-Rounder,1000000.0
75,2015,Royal Challengers Bangalore,Shishir Bhavane,,Batsman,1000000.0
76,2015,Sunrisers Hyderabad,Trent Boult,Overseas,Bowler,38000000.0
76,2015,Sunrisers Hyderabad,Praveen Kumar,,Bowler,22000000.0
76,2015,Sunrisers Hyderabad,Kevin Pietersen,,Batsman,20000000.0
76,2015,Sunrisers Hyderabad,Eoin Morgan,,Batsman,15000000.0
76,2015,Sunrisers Hyderabad,Ravi Bopara,,All-Rounder,10000000.0
76,2015,Sunrisers Hyderabad,Kane Williamson,Overseas,All-Rounder,6000000.0
76,2015,Sunrisers Hyderabad,Laxmi Ratan Shukla,,All-Rounder,3000000.0
76,2015,Sunrisers Hyderabad,Prasanth Padmanabhan,,All-Rounder,1000000.0
76,2015,Sunrisers Hyderabad,Hanuma Vihari,,Batsman,1000000.0
76,2015,Sunrisers Hyderabad,Siddarth Kaul,,Bowler,1000000.0
77,2014,Chennai Super Kings,Faf Du Plessis,Overseas,Batsman,47500000.0
77,2014,Chennai Super Kings,Dwayne Smith,,Batsman,45000000.0
77,2014,Chennai Super Kings,Brendon McCullum,,Wicket-Keeper,32500000.0
77,2014,Chennai Super Kings,Ashish Nehra,,Bowler,20000000.0
77,2014,Chennai Super Kings,Mohit Sharma,Indian,Bowler,20000000.0
77,2014,Chennai Super Kings,Ishwar Chandra Pandey,,Bowler,15000000.0
77,2014,Chennai Super Kings,Ben Hilfenhaus,,Bowler,10000000.0
77,2014,Chennai Super Kings,John Hastings,,All-Rounder,5000000.0
77,2014,Chennai Super Kings,Samuel Badree,,Bowler,3000000.0
77,2014,Chennai Super Kings,Matt Henry,,Bowler,3000000.0
77,2014,Chennai Super Kings,Mithun Manhas,,All-Rounder,3000000.0
77,2014,Chennai Super Kings,Vijay Shankar,Indian,All-Rounder,1000000.0
77,2014,Chennai Super Kings,Ronit More,,Bowler,1000000.0
77,2014,Chennai Super Kings,Baba Aparajith,,Batsman,1000000.0
77,2014,Chennai Super Kings,Pawan Negi,,Bowler,1000000.0
78,2014,Delhi Capitals,Dinesh Karthik,,Wicket-Keeper,125000000.0
78,2014,Delhi Capitals,Kevin Pietersen,,Batsman,90000000.0
78,2014,Delhi Capitals,Murali Vijay,,Batsman,50000000.0
78,2014,Delhi Capitals,Mohammad Shami,Indian,Bowler,42500000.0
78,2014,Delhi Capitals,Nathan Coulter-Nile,Overseas,Bowler,42500000.0
78,2014,Delhi Capitals,Quinton De Kock,Overseas,Wicket-Keeper,35000000.0
78,2014,Delhi Capitals,Manoj Tiwary,,Batsman,28000000.0
78,2014,Delhi Capitals,Jaydev Unadkat,Indian,Bowler,28000000.0
78,2014,Delhi Capitals,Jean-Paul Duminy,,Batsman,22000000.0
78,2014,Delhi Capitals,Ross Taylor,,Batsman,20000000.0
78,2014,Delhi Capitals,Kedar Jadhav,,Batsman,20000000.0
78,2014,Delhi Capitals,Rahul Sharma,,Bowler,19000000.0
78,2014,Delhi Capitals,Mayank Agarwal,Indian,Batsman,16000000.0
78,2014,Delhi Capitals,Laxmi Ratan Shukla,,All-Rounder,15000000.0
78,2014,Delhi Capitals,James Neesham,Overseas,All-Rounder,10000000.0
78,2014,Delhi Capitals,Wayne Parnell,,Bowler,10000000.0
78,2014,Delhi Capitals,Shahbaz Nadeem,Indian,Bowler,8500000.0
78,2014,Delhi Capitals,Saurabh Tiwary,,Batsman,7000000.0
78,2014,Delhi Capitals,Siddarth Kaul,,Bowler,4500000.0
78,2014,Delhi Capitals,Rahul Shukla,,Bowler,4000000.0
78,2014,Delhi Capitals,Jayant Yadav,Indian,All-Rounder,1000000.0
78,2014,Delhi Capitals,HS Sharath,,Bowler,1000000.0
78,2014,Delhi Capitals,Milind Kumar,,Batsman,1000000.0
79,2014,Punjab Kings,Mitchell Johnson,,All-Rounder,65000000.0
79,2014,Punjab Kings,Glenn Maxwell,,All-Rounder,60000000.0
79,2014,Punjab Kings,George Bailey,,Batsman,32500000.0
79,2014,Punjab Kings,Virender Sehwag,,Batsman,32000000.0
79,2014,Punjab Kings,Rishi Dhawan,Indian,All-Rounder,30000000.0
79,2014,Punjab Kings,Wriddhiman Saha,,Wicket-Keeper,22000000.0
79,2014,Punjab Kings,Shaun Marsh,,Batsman,22000000.0
79,2014,Punjab Kings,Cheteshwar Pujara,,Batsman,19000000.0
79,2014,Punjab Kings,Beuran Hendricks,,Bowler,18000000.0
79,2014,Punjab Kings,Lakshmipathy Balaji,,Bowler,18000000.0
79,2014,Punjab Kings,Thisara Perera,,All-Rounder,16000000.0
79,2014,Punjab Kings,Gurkirat Singh Mann,,Batsman,13000000.0
79,2014,Punjab Kings,Murali Kartik,,Bowler,10000000.0
79,2014,Punjab Kings,Sandeep Sharma,Indian,Bowler,8500000.0
79,2014,Punjab Kings,Mandeep Hardev Singh,,All-Rounder,8000000.0
79,2014,Punjab Kings,Akshar Rajesh Patel,,All-Rounder,7500000.0
79,2014,Punjab Kings,Parvinder Awana,,Bowler,6500000.0
79,2014,Punjab Kings,Shardul Narendra Thakur,,Bowler,2000000.0
79,2014,Punjab Kings,Anureet Singh,,Bowler,2000000.0
79,2014,Punjab Kings,Shivam Sharma,,Bowler,1000000.0
79,2014,Punjab Kings,Karanveer Singh,,All-Rounder,1000000.0
80,2014,Kolkata Knight Riders,Jacques Kallis,,All-Rounder,55000000.0
80,2014,Kolkata Knight Riders,Robin Uthappa,Indian,Batsman,50000000.0
80,2014,Kolkata Knight Riders,Piyush Chawla,Indian,Bowler,42500000.0
80,2014,Kolkata Knight Riders,Yusuf Pathan,,All-Rounder,32500000.0
80,2014,Kolkata Knight Riders,Shakib Al Hasan,Overseas,All-Rounder,28000000.0
80,2014,Kolkata Knight Riders,Morne Morkel,,Bowler,28000000.0
80,2014,Kolkata Knight Riders,Ranganath Vinay Kumar,,Bowler,28000000.0
80,2014,Kolkata Knight Riders,Umesh Yadav,Indian,Bowler,26000000.0
80,2014,Kolkata Knight Riders,Manish Pandey,Indian,Batsman,17000000.0
80,2014,Kolkata Knight Riders,Chris Lynn,,Batsman,13000000.0
80,2014,Kolkata Knight Riders,Patrick Cummins,,Bowler,10000000.0
80,2014,Kolkata Knight Riders,Ryan Ten Doeschate,,All-Rounder,10000000.0
80,2014,Kolkata Knight Riders,Suryakumar Yadav,,Batsman,7000000.0
80,2014,Kolkata Knight Riders,Andre Russell,,All-Rounder,6000000.0
80,2014,Kolkata Knight Riders,Manvinder Bisla,,Wicket-Keeper,6000000.0
80,2014,Kolkata Knight Riders,Veer Pratap Singh,,Bowler,4000000.0
80,2014,Kolkata Knight Riders,Kuldeep Singh Yadav,,Bowler,4000000.0
80,2014,Kolkata Knight Riders,Debabrata Das,,Wicket-Keeper,2000000.0
80,2014,Kolkata Knight Riders,Sayan Sekhar Mandal,,All-Rounder,1000000.0
81,2014,Mumbai Indians,Michael Hussey,,Batsman,50000000.0
81,2014,Mumbai Indians,Corey Anderson,,All-Rounder,45000000.0
81,2014,Mumbai Indians,Pragyan Ojha,,Bowler,32500000.0
81,2014,Mumbai Indians,Zaheer Khan,,Bowler,26000000.0
81,2014,Mumbai Indians,Aditya Tare,,Wicket-Keeper,16000000.0
81,2014,Mumbai Indians,Jasprit Bumrah,,Bowler,12000000.0
81,2014,Mumbai Indians,Jalaj Saxena,,All-Rounder,9000000.0
81,2014,Mumbai Indians,Josh Hazlewood,Overseas,Bowler,5000000.0
81,2014,Mumbai Indians,Marchant De Lange,,Bowler,3000000.0
81,2014,Mumbai Indians,Krismar Santokie,,Bowler,3000000.0
81,2014,Mumbai Indians,Ben Dunk,,Wicket-Keeper,2000000.0
81,2014,Mumbai Indians,C.M. Gautam,,Wicket-Keeper,2000000.0
81,2014,Mumbai Indians,Apoorv Vijay Wankhade,,Batsman,1000000.0
81,2014,Mumbai Indians,Pawan Suyal,,Bowler,1000000.0
81,2014,Mumbai Indians,Sushant Marathe,,Wicket-Keeper,1000000.0
81,2014,Mumbai Indians,Shreyas Gopal,Indian,Bowler,1000000.0
82,2014,Rajasthan Royals,Steven Smith,,All-Rounder,40000000.0
82,2014,Rajasthan Royals,Brad Hodge,,Batsman,24000000.0
82,2014,Rajasthan Royals,Rajat Bhatia,,All-Rounder,17000000.0
82,2014,Rajasthan Royals,Tim Southee,Overseas,Bowler,12000000.0
82,2014,Rajasthan Royals,Dhawal Kulkarni,,Bowler,11000000.0
82,2014,Rajasthan Royals,Abhishek Nayar,,All-Rounder,10000000.0
82,2014,Rajasthan Royals,Kane Richardson,,Bowler,10000000.0
82,2014,Rajasthan Royals,Ben Cutting,,Bowler,8000000.0
82,2014,Rajasthan Royals,Karun Nair,Indian,Batsman,7500000.0
82,2014,Rajasthan Royals,Unmukt Chand,,Batsman,6500000.0
82,2014,Rajasthan Royals,Iqbal Abdullah,,All-Rounder,6500000.0
82,2014,Rajasthan Royals,Deepak Hooda,Indian,Bowler,4000000.0
82,2014,Rajasthan Royals,Dishant Yagnik,,Wicket-Keeper,3000000.0
82,2014,Rajasthan Royals,Kevon Cooper,,All-Rounder,3000000.0
82,2014,Rajasthan Royals,Vikramjeet Malik,,Bowler,2000000.0
82,2014,Rajasthan Royals,Ankit Nagendra Sharma,,Bowler,1000000.0
82,2014,Rajasthan Royals,Rahul Tewatia,Indian,All-Rounder,1000000.0
82,2014,Rajasthan Royals,Ankush Bains,,Wicket-Keeper,1000000.0
82,2014,Rajasthan Royals,Amit Mishra,Indian,Bowler,1000000.0
82,2014,Rajasthan Royals,Pravin Tambe,,Bowler,1000000.0
83,2014,Royal Challengers Bangalore,Yuvraj Singh,,All-Rounder,140000000.0
83,2014,Royal Challengers Bangalore,Mitchell Starc,,Bowler,50000000.0
83,2014,Royal Challengers Bangalore,Albie Morkel,,All-Rounder,24000000.0
83,2014,Royal Challengers Bangalore,Varun Aaron,Indian,Bowler,20000000.0
83,2014,Royal Challengers Bangalore,Ashok Dinda,,Bowler,15000000.0
83,2014,Royal Challengers Bangalore,Parthiv Patel,,Wicket-Keeper,14000000.0
83,2014,Royal Challengers Bangalore,Muttiah Muralitharan,,Bowler,10000000.0
83,2014,Royal Challengers Bangalore,Ravi Rampaul,,Bowler,9000000.0
83,2014,Royal Challengers Bangalore,Nic Maddinson,,Batsman,5000000.0
83,2014,Royal Challengers Bangalore,Harshal Patel,Indian,Bowler,4000000.0
83,2014,Royal Challengers Bangalore,Vijay Zol,,Batsman,3000000.0
83,2014,Royal Challengers Bangalore,Abu Nechim Ahmed,,Bowler,3000000.0
83,2014,Royal Challengers Bangalore,Sachin Rana,,Bowler,2000000.0
83,2014,Royal Challengers Bangalore,Shadab Jakati,,Bowler,2000000.0
83,2014,Royal Challengers Bangalore,Sandeep Warrier,,Bowler,1000000.0
83,2014,Royal Challengers Bangalore,Tanmay Mishra,,Batsman,1000000.0
83,2014,Royal Challengers Bangalore,Yogesh Takawale,,Wicket-Keeper,1000000.0
83,2014,Royal Challengers Bangalore,Yuzvendra Singh Chahal,,Bowler,1000000.0
84,2014,Sunrisers Hyderabad,David Warner,Overseas,Batsman,55000000.0
84,2014,Sunrisers Hyderabad,Amit Mishra,Indian,Bowler,47500000.0
84,2014,Sunrisers Hyderabad,Bhuvneshwar Kumar,Indian,Bowler,42500000.0
84,2014,Sunrisers Hyderabad,Aaron Finch,,Batsman,40000000.0
84,2014,Sunrisers Hyderabad,Karn Sharma,Indian,Bowler,37500000.0
84,2014,Sunrisers Hyderabad,Darren Sammy,,All-Rounder,35000000.0
84,2014,Sunrisers Hyderabad,Ishant Sharma,Indian,Bowler,26000000.0
84,2014,Sunrisers Hyderabad,Irfan Pathan,,All-Rounder,24000000.0
84,2014,Sunrisers Hyderabad,Moises Henriques,,All-Rounder,10000000.0
84,2014,Sunrisers Hyderabad,KL Rahul,,Batsman,10000000.0
84,2014,Sunrisers Hyderabad,Parveez Rasool,,All-Rounder,9500000.0
84,2014,Sunrisers Hyderabad,Jason Holder,Overseas,Bowler,7500000.0
84,2014,Sunrisers Hyderabad,Venugopal Rao,,Batsman,5500000.0
84,2014,Sunrisers Hyderabad,Naman Ojha,,Wicket-Keeper,5000000.0
84,2014,Sunrisers Hyderabad,Brendan Taylor,,Wicket-Keeper,3000000.0
84,2014,Sunrisers Hyderabad,Prasanth Parameswaran,,Bowler,3000000.0
84,2014,Sunrisers Hyderabad,Amit Paunikar,,Wicket-Keeper,2000000.0
84,2014,Sunrisers Hyderabad,Ashish Reddy,,Bowler,2000000.0
84,2014,Sunrisers Hyderabad,Srikkanth Anirudha,,Batsman,2000000.0
84,2014,Sunrisers Hyderabad,Ricky Bhui,,Batsman,1000000.0
84,2014,Sunrisers Hyderabad,Chama Milind,Indian,Bowler,1000000.0
84,2014,Sunrisers Hyderabad,Manprit Juneja,,Batsman,1000000.0
85,2013,Chennai Super Kings,Christopher Morris,,All-Rounder,36593812.5
85,2013,Chennai Super Kings,Dirk Nannes,,Bowler,35130060.0
85,2013,Chennai Super Kings,Ben Laughlin,,Bowler,1171002.0
85,2013,Chennai Super Kings,Akila Dananjaya,,All-Rounder,1171002.0
85,2013,Chennai Super Kings,Jason Holder,Overseas,Bowler,1171002.0
86,2013,Delhi Capitals,Johan Botha,,All-Rounder,26347545.0
86,2013,Delhi Capitals,Jesse Ryder,,All-Rounder,15223026.0
86,2013,Delhi Capitals,Jeevan Mendis,,All-Rounder,2927505.0
87,2013,Punjab Kings,Manpreet Gony,,Bowler,29275050.0
87,2013,Punjab Kings,Luke Pomersbach,,Batsman,17565030.0
88,2013,Kolkata Knight Riders,Sachithra Senanayaka,,All-Rounder,36593812.5
88,2013,Kolkata Knight Riders,Ryan McLaren,,Bowler,2927505.0
89,2013,Mumbai Indians,Glenn Maxwell,,All-Rounder,58550100.0
89,2013,Mumbai Indians,Nathan Coulter-Nile,Overseas,Bowler,26347545.0
89,2013,Mumbai Indians,Ricky Ponting,,Batsman,23420040.0
89,2013,Mumbai Indians,Philip Hughes,,Batsman,5855010.0
89,2013,Mumbai Indians,Jacob Oram,,All-Rounder,2927505.0
90,2013,Pune Warriors India,Ajantha Mendis,,Bowler,42448822.5
90,2013,Pune Warriors India,Kane Richardson,,Bowler,40985070.0
90,2013,Pune Warriors India,Abhishek Nayar,,All-Rounder,39521317.5
90,2013,Pune Warriors India,Michael Clarke,,Batsman,23420040.0
91,2013,Rajasthan Royals,James Faulkner,,All-Rounder,23420040.0
91,2013,Rajasthan Royals,Fidel Edwards,,Bowler,12295521.0
91,2013,Rajasthan Royals,Kusal Janith Perera,,Wicket-Keeper,1171002.0
92,2013,Royal Challengers Bangalore,Jaydev Unadkat,Indian,Bowler,30738802.5
92,2013,Royal Challengers Bangalore,Rudra Pratap Singh,,Bowler,23420040.0
92,2013,Royal Challengers Bangalore,Moises Henriques,,All-Rounder,17565030.0
92,2013,Royal Challengers Bangalore,Ravi Rampaul,,Bowler,16979529.0
92,2013,Royal Challengers Bangalore,Pankaj Singh,,Bowler,8782515.0
92,2013,Royal Challengers Bangalore,Daniel Christian,,All-Rounder,5855010.0
92,2013,Royal Challengers Bangalore,Christopher Barnwell,,All-Rounder,2927505.0
93,2013,Sunrisers Hyderabad,Thisara Perera,,All-Rounder,39521317.5
93,2013,Sunrisers Hyderabad,Darren Sammy,,All-Rounder,24883792.5
93,2013,Sunrisers Hyderabad,Sudeep Tyagi,,Bowler,5855010.0
93,2013,Sunrisers Hyderabad,Clinton McKay,,Bowler,5855010.0
93,2013,Sunrisers Hyderabad,Nathan McCullum,,Bowler,5855010.0
93,2013,Sunrisers Hyderabad,Quinton De Kock,Overseas,Wicket-Keeper,1171002.0
